date,title,author,link
"Jun 3, 2025 - 8:26","Tether Moves $1,107,371,328 Bitcoin, CEO Breaks Silence",Gamza Khanzadaev,https://u.today/tether-moves-1107371328-bitcoin-ceo-breaks-silence
"Jun 3, 2025 - 7:29",Gold Copying Bitcoin’s Breakout Trajectory: Legendary Trader Peter Brandt,Yuri Molchan,https://u.today/gold-copying-bitcoins-breakout-trajectory-legendary-trader-peter-brandt
"Jun 3, 2025 - 6:04",Bitcoin ETFs: SEC Commissioner Says Agency to Consider In-Kind Redemptions,Alex Dovbnya,https://u.today/bitcoin-etfs-sec-commissioner-says-agency-to-consider-in-kind-redemptions
"Jun 3, 2025 - 1:13",$5.86 Billion In Bitcoin Flows Into ETFs In May,Caroline Amosun,https://u.today/586-billion-in-bitcoin-flows-into-etfs-in-may
"Jun 2, 2025 - 23:43",Strategy to Boost Bitcoin (BTC) Acquisitions with $250M STRD Stock,Paul Adedoyin,https://u.today/strategy-to-boost-bitcoin-btc-acquisitions-with-250m-strd-stock
"Jun 2, 2025 - 15:45",Bitcoin (BTC) Price Prediction for June 2,Denys Serhiichuk,https://u.today/bitcoin-btc-price-prediction-for-june-2
"Jun 2, 2025 - 15:42",Coinbase Hit With $429 Million Bitcoin From BlackRock: What's Going On?,Gamza Khanzadaev,https://u.today/coinbase-hit-with-429-million-bitcoin-from-blackrock-whats-going-on
"Jun 2, 2025 - 15:31",$3 Million Per Bitcoin? Tom Lee Shares Jaw-Dropping BTC Price Prediction,Alex Dovbnya,https://u.today/3-million-per-bitcoin-tom-lee-shares-jaw-dropping-btc-price-prediction
"Jun 2, 2025 - 14:53",Satoshi's Bitcoin Stash Could Outrank Warren Buffett's — Bloomberg Analyst,Tomiwabold Olajide,https://u.today/satoshis-bitcoin-stash-could-outrank-warren-buffetts-bloomberg-analyst
"Jun 2, 2025 - 12:33","Breaking: Saylor’s Strategy Makes New Bitcoin Buy, Now Holding 580,955 BTC",Yuri Molchan,https://u.today/breaking-saylors-strategy-makes-new-bitcoin-buy-now-holding-580955-btc
"Jun 2, 2025 - 12:06","Elon Musk Brings Up Bitcoin 1st Time in 3 Years – ‘Buckle Up,’ Influencer Says",Yuri Molchan,https://u.today/elon-musk-brings-up-bitcoin-1st-time-in-3-years-buckle-up-influencer-says
"Jun 2, 2025 - 11:02","Major Bitcoin Omega Tweet Published by Samson Mow as Bitcoin Surpasses $105,000",Yuri Molchan,https://u.today/major-bitcoin-omega-tweet-published-by-samson-mow-as-bitcoin-surpasses-105000
"Jun 2, 2025 - 8:02",Satoshi's First Collaborator Suggests Creating 'Bitcoin Mossad.' Here's Why,Alex Dovbnya,https://u.today/satoshis-first-collaborator-suggests-creating-bitcoin-mossad-heres-why
"Jun 2, 2025 - 8:00",'Rich Dad Poor Dad' Author's Market Crash Warning Says: 'Billions Will Rush into Bitcoin',Yuri Molchan,https://u.today/rich-dad-poor-dad-authors-market-crash-warning-says-billions-will-rush-into-bitcoin
"Jun 2, 2025 - 0:01","XRP: $2 Level is At Risk,  Bitcoin's (BTC): ATH Reversal Chance, Solana (SOL) Surprised Everyone",Arman Shirinyan,https://u.today/xrp-2-level-is-at-risk-bitcoins-btc-ath-reversal-chance-solana-sol-surprised-everyone
"Jun 1, 2025 - 19:16",Is Saylor About to Announce Another Massive Bitcoin Purchase?,Alex Dovbnya,https://u.today/is-saylor-about-to-announce-another-massive-bitcoin-purchase
"Jun 1, 2025 - 15:06","Strategy Up 2,930% Since 2020 Bitcoin Bet as Saylor Stays Bullish",Tomiwabold Olajide,https://u.today/strategy-up-2930-since-2020-bitcoin-bet-as-saylor-stays-bullish
"Jun 1, 2025 - 14:14","$100,000 Bitcoin in Danger, Bollinger Bands Warn",Gamza Khanzadaev,https://u.today/100000-bitcoin-in-danger-bollinger-bands-warn
"Jun 1, 2025 - 14:05",Bitcoin (BTC) Price Prediction for June 1,Denys Serhiichuk,https://u.today/bitcoin-btc-price-prediction-for-june-1-0
"Jun 1, 2025 - 12:19","Bitcoin Price Just Made History, but What Happens Next?",Gamza Khanzadaev,https://u.today/bitcoin-price-just-made-history-but-what-happens-next
"Jun 1, 2025 - 10:08",No More Bitcoin? Exchange Outflows Show Supply Shock Possibilities,Arman Shirinyan,https://u.today/no-more-bitcoin-exchange-outflows-show-supply-shock-possibilities
"Jun 1, 2025 - 9:37",Silk Road Founder Now Extremely Rich Because of Recent Bitcoin Donation,Alex Dovbnya,https://u.today/silk-road-founder-now-extremely-rich-because-of-recent-bitcoin-donation
"Jun 1, 2025 - 7:29",Ripple CEO: 'Bitcoin Community Is Not Our Enemy',Alex Dovbnya,https://u.today/ripple-ceo-bitcoin-community-is-not-our-enemy
"May 31, 2025 - 20:00",It Will Be Exponentially Harder to Buy Bitcoin: Michael Saylor,Yuri Molchan,https://u.today/it-will-be-exponentially-harder-to-buy-bitcoin-michael-saylor
"May 31, 2025 - 14:16",Sell Bitcoin or Hold? Sobering Economic Model by Investor Fred Krueger,Vladislav Sopov,https://u.today/sell-bitcoin-or-hold-sobering-economic-model-by-investor-fred-krueger
"May 31, 2025 - 9:33",Strategy's Major Bitcoin Accumulation Risks Revealed by Analysts,Yuri Molchan,https://u.today/strategys-major-bitcoin-accumulation-risks-revealed-by-analysts
"May 31, 2025 - 0:01","Shiba Inu (SHIB) to Add Another Zero? Bitcoin (BTC) Signals New ATH Reversal Now, Ethereum (ETH) Trapped",Arman Shirinyan,https://u.today/shiba-inu-shib-to-add-another-zero-bitcoin-btc-signals-new-ath-reversal-now-ethereum-eth-trapped
"May 30, 2025 - 19:52",Fidelity: Bitcoin Could Reach This 'Important Milestone',Alex Dovbnya,https://u.today/fidelity-bitcoin-could-reach-this-important-milestone
"May 30, 2025 - 16:27",JPMorgan CEO Says US Shouldn't Stockpile Bitcoin,Alex Dovbnya,https://u.today/jpmorgan-ceo-says-us-shouldnt-stockpile-bitcoin
"May 30, 2025 - 15:58","XRP on Verge of 66% Crash Versus Bitcoin, Bollinger Bands Signal",Gamza Khanzadaev,https://u.today/xrp-on-verge-of-66-crash-versus-bitcoin-bollinger-bands-signal
"May 30, 2025 - 15:24",$4 Billion Lost: Satoshi's Bitcoin Holdings Hit by Price Slump,Tomiwabold Olajide,https://u.today/4-billion-lost-satoshis-bitcoin-holdings-hit-by-price-slump
"May 30, 2025 - 14:04",VR Legend Palmer Luckey Says He Started Mining Bitcoin Early,Alex Dovbnya,https://u.today/vr-legend-palmer-luckey-says-he-started-mining-bitcoin-early
"May 30, 2025 - 12:33","$684,680,203 Bitcoin Stuns Major US Exchange Kraken: Sell in May?",Gamza Khanzadaev,https://u.today/684680203-bitcoin-stuns-major-us-exchange-kraken-sell-in-may
"May 30, 2025 - 11:50","Next 2 Days, 16 Hours Crucial for Bitcoin; Here's Why",Tomiwabold Olajide,https://u.today/next-2-days-16-hours-crucial-for-bitcoin-heres-why
"May 30, 2025 - 10:44",Bitcoin (BTC) Price Prediction for May 30,Denys Serhiichuk,https://u.today/bitcoin-btc-price-prediction-for-may-30
"May 30, 2025 - 10:40","20,000+ Bitcoin Bought in Just Two Days – Whales Expecting New ATH?",Yuri Molchan,https://u.today/20000-bitcoin-bought-in-just-two-days-whales-expecting-new-ath
"May 29, 2025 - 22:15",$4.26 Billion Pulled Into Bitcoin ETFs in 10 Consecutive Days,Caroline Amosun,https://u.today/426-billion-pulled-into-bitcoin-etfs-in-10-consecutive-days
"May 29, 2025 - 21:20",Bitcoin Index Shows Early Upside Signal: BTC Price Rally Next?,Paul Adedoyin,https://u.today/bitcoin-index-shows-early-upside-signal-btc-price-rally-next
"May 29, 2025 - 15:50",Scaramucci: Can Bitcoin Go to $500K?,Alex Dovbnya,https://u.today/scaramucci-can-bitcoin-go-to-500k
"May 29, 2025 - 15:34",Bitcoin Plunges to Weekly Low as FTX Set to Release $5 Billion,Gamza Khanzadaev,https://u.today/bitcoin-plunges-to-weekly-low-as-ftx-set-to-release-5-billion
"May 29, 2025 - 15:06","Bitcoin (BTC) 21 Million Cap Ruins Network Security, Here's How",Vladislav Sopov,https://u.today/bitcoin-btc-21-million-cap-ruins-network-security-heres-how
"May 29, 2025 - 13:01","Bitcoin Hits New ATH, But It's Not Price: Up $25.8 Billion",Yuri Molchan,https://u.today/bitcoin-hits-new-ath-but-its-not-price-up-258-billion
"May 29, 2025 - 11:32",Bitcoin (BTC) Becomes Canary in Coal Mine: Opinion,Vladislav Sopov,https://u.today/bitcoin-btc-becomes-canary-in-coal-mine-opinion
"May 29, 2025 - 9:58",Ethereum Decouples From Bitcoin as Key Metrics Turn Green,Godfrey Benjamin,https://u.today/ethereum-decouples-from-bitcoin-as-key-metrics-turn-green
"May 29, 2025 - 8:36",Bitcoin Might See $80 Billion in New Demand: Details,Alex Dovbnya,https://u.today/bitcoin-might-see-80-billion-in-new-demand-details
"May 29, 2025 - 7:12",Schiff Says He's Responsible for People Buying Bitcoin,Alex Dovbnya,https://u.today/schiff-says-hes-responsible-for-people-buying-bitcoin
"May 29, 2025 - 0:01","Bitcoin Being Tested Right Now, Ethereum (ETH) Breaks out Against BTC, XRP: One Last Chance at $2",Arman Shirinyan,https://u.today/bitcoin-being-tested-right-now-ethereum-eth-breaks-out-against-btc-xrp-one-last-chance-at-2
"May 28, 2025 - 20:59",More Strategy's Bitcoin Holdings Identified by Arkham: Details,Paul Adedoyin,https://u.today/more-strategys-bitcoin-holdings-identified-by-arkham-details
"May 28, 2025 - 20:16",'Most Corrupt Bill Ever': Peter Schiff Slams Fed-Backed Bitcoin Plan,Caroline Amosun,https://u.today/most-corrupt-bill-ever-peter-schiff-slams-fed-backed-bitcoin-plan
"May 28, 2025 - 16:27","Ripple CTO Ends Speculation on XRP Centralization, $878,917,974 Bitcoin Stun Coinbase, Ethereum Eyes $3,000, But One Thing Remains: Crypto News Digest by U.Today",Valeria Blokhina,https://u.today/ripple-cto-ends-speculation-on-xrp-centralization-878917974-bitcoin-stun-coinbase-ethereum-eyes
"May 26, 2025 - 16:27",Ethereum's Pectra: Big Guide,Vladislav Sopov,https://u.today/guides/ethereums-pectra-big-guide
"May 5, 2025 - 7:56",How to Buy Ethereum: Step-by-Step Guide,Vladislav Sopov,https://u.today/guides/how-to-buy-ethereum-steb-by-step-guide
"May 2, 2025 - 18:50",Crypto App Triv Ensures Secure Web3 Journey With Triv Shield Instrument: Review,Vladislav Sopov,https://u.today/reviews/crypto-app-triv-ensures-secure-web3-journey-with-triv-shield-instrument-review
"Apr 16, 2025 - 12:35",Gate.io Top Crypto Exchange Makes Digital Assets Accessible: Review,Vladislav Sopov,https://u.today/reviews/gateio-top-crypto-exchange-makes-digital-assets-accessible-review
"Apr 1, 2025 - 12:25",Top Crypto Exchanges 2025: Full Guide,Vladislav Sopov,https://u.today/guides/top-crypto-exchanges-2025-full-guide
